did,name,method,pr_auc_mean,pr_auc_std,f1_mean,f1_std
44,spambase,baseline,0.8269828215918602,0.016605862755400644,0.8856444605398222,0.010803498252517404
44,spambase,class_weight,0.8156131034291872,0.014729604682119894,0.8774081722334885,0.011095308387973067
44,spambase,random_undersample,0.8090573917893942,0.01903520837224975,0.8758575546466251,0.0124329467817329
44,spambase,smote,0.818729575578622,0.01108401545951474,0.8813278159042323,0.010329138246372355
44,spambase,adasyn,0.8208142718044558,0.017164623283712686,0.8821868089781194,0.014752400237287461
44,spambase,smote_enn,0.8099003485986508,0.01053342545716191,0.8743417855256486,0.007348547945250068
820,chatfield_4,baseline,0.7411203148672684,0.09577621682555038,0.8045381645381646,0.08153706274528752
820,chatfield_4,class_weight,0.7163966654224213,0.10207430874554013,0.7755389284801051,0.0930162134870237
820,chatfield_4,random_undersample,0.7885126028958174,0.08401886706611009,0.8498484195078622,0.062409670443708896
820,chatfield_4,smote,0.7478088351179716,0.1035783831169311,0.8173342573342574,0.07765200853524157
820,chatfield_4,adasyn,0.738469409543521,0.09717252977102822,0.8106220506220506,0.07700505646736394
820,chatfield_4,smote_enn,0.7709308515241833,0.08556669598754905,0.8482967325072588,0.053733544397737164
879,fri_c2_500_25,baseline,0.6702274483040607,0.03905227928764033,0.7561608803077001,0.0443877967328789
879,fri_c2_500_25,class_weight,0.7202188546220804,0.057445116660871244,0.7995683262630277,0.04469177921565611
879,fri_c2_500_25,random_undersample,0.7016741081863033,0.05362975542265959,0.7896282929166824,0.0405836426576096
879,fri_c2_500_25,smote,0.6957966542933098,0.04756813578519993,0.7905235784814933,0.034842728115709126
879,fri_c2_500_25,adasyn,0.6916294683415426,0.033213223667305364,0.7836522010037992,0.016995470273212184
879,fri_c2_500_25,smote_enn,0.519575445701902,0.05587803461200533,0.6520163485420707,0.058848864526762946
811,rmftsa_ctoarrivals,baseline,0.8734950535506643,0.04221598927613467,0.9172327002622254,0.020662760354431525
811,rmftsa_ctoarrivals,class_weight,0.888221468645004,0.04348537088409005,0.9272327002622254,0.021961230844835655
811,rmftsa_ctoarrivals,random_undersample,0.8711704856987875,0.06933711998157474,0.9191678382949243,0.04196087112244451
811,rmftsa_ctoarrivals,smote,0.8796262305497657,0.04020804138380396,0.9225985539207618,0.018899283370195207
811,rmftsa_ctoarrivals,adasyn,0.8999203305797149,0.04094563707555349,0.9371855693561336,0.022222763236887037
811,rmftsa_ctoarrivals,smote_enn,0.8379586969358568,0.047308342902714656,0.8941183678988557,0.02369452444956697
25,colic,baseline,0.6361301742230516,0.030083230988465395,0.7373776800541809,0.04032585073941668
25,colic,class_weight,0.6838986146014139,0.04487956898424507,0.7754183289907574,0.035266457616572995
25,colic,random_undersample,0.6339325618092742,0.07201574549567127,0.7416731166150671,0.057822845126795
25,colic,smote,0.6237758168292682,0.06320318603807708,0.7288507180053235,0.052210548309771274
25,colic,adasyn,0.6264861520053743,0.048141470790339515,0.7267010747408553,0.04936467830197214
25,colic,smote_enn,0.5734088481500956,0.0562076771860248,0.6744711808494146,0.06021430983404874
830,fri_c2_250_10,baseline,0.7720790866054024,0.07668962578667891,0.8280845016139133,0.07514295831673276
830,fri_c2_250_10,class_weight,0.7541321527855664,0.1096277962735151,0.8146008795736563,0.10683838183242046
830,fri_c2_250_10,random_undersample,0.6928650793650794,0.11852628141596458,0.775965250965251,0.10516913142806616
830,fri_c2_250_10,smote,0.7194152046783626,0.0623843439410452,0.7967629967629968,0.05490615140699546
830,fri_c2_250_10,adasyn,0.7385904782296449,0.09854863499483735,0.8065507449332866,0.09090371600432297
830,fri_c2_250_10,smote_enn,0.6628306759300912,0.06045970605202073,0.7812230011250818,0.04207694750803101
858,hungarian,baseline,0.589809533974453,0.03746329756663936,0.6797579259905288,0.04450493751782718
858,hungarian,class_weight,0.6008794062445666,0.04798924552837286,0.6915176672438467,0.04287589838568891
858,hungarian,random_undersample,0.5584409364131904,0.0412530986632707,0.6746716010452708,0.04588913252555435
858,hungarian,smote,0.5789413423316038,0.04445957440955794,0.6803255789200172,0.036736553909359065
858,hungarian,adasyn,0.583051851773421,0.052741270014742006,0.6727989412199938,0.0496163705765651
858,hungarian,smote_enn,0.5395340887826082,0.07933630571286737,0.6436451858424876,0.11372573269180788
51,heart-h,baseline,0.589809533974453,0.03746329756663936,0.6797579259905288,0.04450493751782718
51,heart-h,class_weight,0.6008794062445666,0.04798924552837286,0.6915176672438467,0.04287589838568891
51,heart-h,random_undersample,0.5584409364131904,0.0412530986632707,0.6746716010452708,0.04588913252555435
51,heart-h,smote,0.5789413423316038,0.04445957440955794,0.6803255789200172,0.036736553909359065
51,heart-h,adasyn,0.583051851773421,0.052741270014742006,0.6727989412199938,0.0496163705765651
51,heart-h,smote_enn,0.5395340887826082,0.07933630571286737,0.6436451858424876,0.11372573269180788
481,biomed,baseline,0.7654695274772296,0.06671381845771035,0.8387642377906068,0.032415164106630305
481,biomed,class_weight,0.7289203768228159,0.056518291663986926,0.818927738927739,0.023193367771017607
481,biomed,random_undersample,0.6652952682998745,0.0686246251805703,0.7819671504965623,0.05253440540295919
481,biomed,smote,0.7735716742837486,0.06756730884422198,0.8472895022549867,0.05683875842517844
481,biomed,adasyn,0.6704820081739208,0.08946029801305602,0.7709005261946439,0.07251025296727646
481,biomed,smote_enn,0.7119916865334067,0.07433379145558373,0.79268154158215,0.06158894632810212
59,ionosphere,baseline,0.7430320798042537,0.07926405515390705,0.8123149515125199,0.06902660394688145
59,ionosphere,class_weight,0.7212137474120083,0.06614091730320355,0.79343961352657,0.05876490536887561
59,ionosphere,random_undersample,0.7485818651335893,0.058107409169014086,0.83248799078728,0.04611064999993974
59,ionosphere,smote,0.7311682865282865,0.03593241796814546,0.8223577042152893,0.03211644198690043
59,ionosphere,adasyn,0.7295565289882532,0.0535577013529656,0.8210476518092618,0.035701250360866334
59,ionosphere,smote_enn,0.8210300771692076,0.06565366957294608,0.8615572001233426,0.049709647128574945
839,kdd_el_nino-small,baseline,0.8472801597650316,0.028253783542646904,0.901777716016148,0.018491851470802848
839,kdd_el_nino-small,class_weight,0.8284592404790952,0.050541178254192,0.8908006316855875,0.033512824557227906
839,kdd_el_nino-small,random_undersample,0.7952648561856966,0.036992432205160845,0.876518920027166,0.028745930892041596
839,kdd_el_nino-small,smote,0.8410304349605221,0.03571503714412206,0.8955072805891261,0.024605933916220762
839,kdd_el_nino-small,adasyn,0.8011928727050416,0.062266841469151984,0.8731000421671851,0.039429081982231856
839,kdd_el_nino-small,smote_enn,0.7935711797437411,0.04200625499043927,0.8693467104403897,0.030006549303516542
37,diabetes,baseline,0.48022191564116046,0.04025880132461789,0.5749678802915777,0.047674393844616886
37,diabetes,class_weight,0.47743222212771474,0.05622805610337217,0.557106091917603,0.06718670426459021
37,diabetes,random_undersample,0.4790216591857459,0.03038599828436138,0.6035087838723233,0.03782044149638965
37,diabetes,smote,0.46349564142675376,0.0317207133061021,0.567062718881648,0.04728903283436778
37,diabetes,adasyn,0.4660958808140703,0.03879553479127098,0.5739013041893368,0.04210690609490849
37,diabetes,smote_enn,0.531426338214692,0.04608530007777294,0.6634014451150331,0.039863158740516214
50,tic-tac-toe,baseline,0.8005970565127811,0.049346769528543465,0.8663234983809314,0.03778786862136398
50,tic-tac-toe,class_weight,0.8202285028394009,0.037079543849020846,0.8794610772884809,0.02924705232038836
50,tic-tac-toe,random_undersample,0.7623245465147394,0.056983870989617026,0.846134096213976,0.04149087918035291
50,tic-tac-toe,smote,0.8111057647908082,0.028145684647558258,0.8736861086418035,0.017378508199901964
50,tic-tac-toe,adasyn,0.8129373089115175,0.033607350774303005,0.8728939665418262,0.022738704636989567
50,tic-tac-toe,smote_enn,0.6042752857739991,0.05331838183034338,0.7093559762262053,0.05028943705371746
56,vote,baseline,0.8115642932468944,0.05981137225323273,0.8541875881728405,0.024719336481192414
56,vote,class_weight,0.8274514024249184,0.04468074371727618,0.8638611818844376,0.025837561505338027
56,vote,random_undersample,0.8693483062988605,0.06156364474186073,0.904788970133508,0.02956535971777316
56,vote,smote,0.8177247769250677,0.05281727452333939,0.8581468641909401,0.02060332675725428
56,vote,adasyn,0.8538754255465401,0.06315412765943114,0.8819197446420428,0.03170145540474893
56,vote,smote_enn,0.8453880254934504,0.058152996709956314,0.9063784522832924,0.03760647205319268
722,pol,baseline,0.9468308512664869,0.0008606803323195703,0.9676374397135046,0.0007721706443425917
722,pol,class_weight,0.9468578707820464,0.006441094777845648,0.9670556795119968,0.0033915870206889897
722,pol,random_undersample,0.9332045577351147,0.004469483321452505,0.9615564796840911,0.0027992343261693084
722,pol,smote,0.9407590033054959,0.0065402838098736074,0.9638664786994966,0.0038204766043512806
722,pol,adasyn,0.9480787945727526,0.0035055075816478906,0.9692686457152385,0.0016039107449407318
722,pol,smote_enn,0.9315166365784121,0.008838056737735675,0.9598901811955607,0.004505239345169254
470,profb,baseline,0.3585295618447942,0.025444039492722503,0.38894014676192895,0.06365881759004205
470,profb,class_weight,0.35722397802660427,0.02030928279435153,0.38165856193622627,0.05197195799739489
470,profb,random_undersample,0.3674451735651002,0.04307507336407839,0.4487085252647026,0.08458613610122967
470,profb,smote,0.36577696598592124,0.025949331656958237,0.4145590781076402,0.05406421704554179
470,profb,adasyn,0.3488340102473503,0.02392323290095682,0.39249738356881214,0.0541244143813732
470,profb,smote_enn,0.3736313112832007,0.021725633495797203,0.4759730164709105,0.04426307383405074
959,nursery,baseline,1.0,0.0,1.0,0.0
959,nursery,class_weight,1.0,0.0,1.0,0.0
959,nursery,random_undersample,1.0,0.0,1.0,0.0
959,nursery,smote,1.0,0.0,1.0,0.0
959,nursery,adasyn,1.0,0.0,1.0,0.0
959,nursery,smote_enn,1.0,0.0,1.0,0.0
334,monks-problems-2,baseline,0.8938768079465754,0.07312008284742241,0.9414071190211345,0.04139324971237043
334,monks-problems-2,class_weight,0.9240909090909092,0.04559674726207499,0.9599703374119393,0.024384532799981783
334,monks-problems-2,random_undersample,0.592865348975332,0.10132008619220946,0.7235891921698373,0.08395270077745096
334,monks-problems-2,smote,0.7362103292019782,0.0930260157586675,0.8367536418226116,0.060767981302130764
334,monks-problems-2,adasyn,0.6847651740926635,0.1303132471515316,0.7805078804687517,0.1097611187695767
334,monks-problems-2,smote_enn,0.403893203403332,0.03311017221809898,0.5152045342228811,0.0624410085745149
1014,analcatdata_dmft,baseline,0.28400980522764846,0.014796050676980905,0.04957393483709273,0.03167761171118095
1014,analcatdata_dmft,class_weight,0.29026494828208327,0.011823600320570603,0.09770798532178829,0.05533163250467809
1014,analcatdata_dmft,random_undersample,0.26994379872524754,0.013617884179891803,0.2079945067495892,0.07987050389412734
1014,analcatdata_dmft,smote,0.2808989110854137,0.006200085154722026,0.09586751510096458,0.024930902005783656
1014,analcatdata_dmft,adasyn,0.2822664030275971,0.007409291422471074,0.06806285501937676,0.037615914659811296
1014,analcatdata_dmft,smote_enn,0.30306734302344485,0.030864868641090185,0.3597113357129599,0.06622553944230207
833,bank32nh,baseline,0.4635374461578724,0.007263145644200114,0.5763629020156517,0.008567737013381546
833,bank32nh,class_weight,0.456949542788543,0.011063439040602419,0.5659938194788765,0.01291015075734005
833,bank32nh,random_undersample,0.454342241912575,0.010923420347355078,0.5943482515091485,0.014053929152140068
833,bank32nh,smote,0.45128796479449784,0.008359763283046493,0.5742485905555036,0.012114068081933469
833,bank32nh,adasyn,0.44523911621519086,0.013597475638761927,0.567899365455256,0.0158459671696756
833,bank32nh,smote_enn,0.47991885004051704,0.014497612563994598,0.6329744882676682,0.01674398254388344
846,elevators,baseline,0.5688087242849654,0.004214379835184396,0.6889906936110438,0.005537787724710637
846,elevators,class_weight,0.5589688750619771,0.011614128353371781,0.67691029724617,0.011543743927610385
846,elevators,random_undersample,0.5205651732300709,0.0036208045542341074,0.6633336362516645,0.003529872529433621
846,elevators,smote,0.5801915161158587,0.004270011437166294,0.7011151718840903,0.0033333590042633975
846,elevators,adasyn,0.577379699689833,0.0037815890165027134,0.699557903213122,0.0026772312903766047
846,elevators,smote_enn,0.526665195382499,0.0045237606687433965,0.6619203546562284,0.004022749416731468
761,cpu_act,baseline,0.755194814750741,0.009477857535671052,0.840409176422664,0.006118987383513618
761,cpu_act,class_weight,0.745129233384126,0.007802850407922001,0.8333849811256652,0.005123754290277214
761,cpu_act,random_undersample,0.7228908158353643,0.019066819828469757,0.8277503058823295,0.012782102634157359
761,cpu_act,smote,0.749552650851906,0.0241920387506892,0.8410428385998655,0.016263352415901523
761,cpu_act,adasyn,0.7422474828104493,0.008164787479072101,0.8359531980384143,0.007350393169584213
761,cpu_act,smote_enn,0.6972586160622104,0.008962086366409461,0.8094224948844009,0.00536298022679041
735,cpu_small,baseline,0.7084600893498009,0.015231058588327006,0.8068103343025405,0.012995522474407191
735,cpu_small,class_weight,0.7095559880497342,0.008884091895165593,0.8078684277542714,0.006538563326320536
735,cpu_small,random_undersample,0.6903715785796344,0.008893566978600786,0.8045063372599295,0.006236307096301516
735,cpu_small,smote,0.7204298480975634,0.01551632943963385,0.8193933316525328,0.012350690036681928
735,cpu_small,adasyn,0.7070841960243458,0.011283169496017806,0.8091002914731662,0.007957900212182692
735,cpu_small,smote_enn,0.6588547306096821,0.016343762148965883,0.7827413067465769,0.013084909173562337
31,credit-g,baseline,0.37047845355228154,0.012194771092364061,0.4564476693311662,0.025031713971725777
31,credit-g,class_weight,0.3792560486182778,0.015011992785723259,0.47007192369034473,0.023308479890238733
31,credit-g,random_undersample,0.3511367740768177,0.02079091170739796,0.4554126762826563,0.041787271202447455
31,credit-g,smote,0.4007051955141625,0.014934006851677475,0.5036972705179206,0.023489701953560094
31,credit-g,adasyn,0.43295567814833325,0.030811204227783544,0.5508455673810004,0.039509338394491604
31,credit-g,smote_enn,0.3786652652902653,0.0316081339570045,0.4883158905248667,0.04547790285899081
897,colleges_aaup,baseline,0.9358597982938349,0.028293826928821722,0.9614134695269237,0.01570945732715696
897,colleges_aaup,class_weight,0.9179295586902116,0.02062472329266864,0.9516285874358082,0.012089371586225774
897,colleges_aaup,random_undersample,0.9048840862056519,0.032974429978569725,0.9453269760274005,0.019214917424594843
897,colleges_aaup,smote,0.9254838282928919,0.024662771018114003,0.9540821299683546,0.011841348082401363
897,colleges_aaup,adasyn,0.9124695696173172,0.03694617303131444,0.9493284289396335,0.021548711868961873
897,colleges_aaup,smote_enn,0.886465069456175,0.04149751375247436,0.9320656686152656,0.025004506808912228
13,breast-cancer,baseline,0.31867701180684926,0.03226464591279916,0.3511255411255411,0.10212784579750883
13,breast-cancer,class_weight,0.31907513068358656,0.032944076199207,0.36970607129650374,0.05549927848901867
13,breast-cancer,random_undersample,0.3187540077886008,0.04493762317858301,0.39283778552071236,0.09392526242503749
13,breast-cancer,smote,0.3341755181272402,0.035897482806540426,0.3774776362157766,0.0820690536408478
13,breast-cancer,adasyn,0.32784370243977445,0.02641586344924804,0.3541083916083917,0.08764671442760157
13,breast-cancer,smote_enn,0.37305497770203655,0.03357948817738702,0.4945098408513043,0.06110246733525899
821,house_16H,baseline,0.6038660775305307,0.008770131909490523,0.7224544709641771,0.007462860816287117
821,house_16H,class_weight,0.6020346574418101,0.01159391696798686,0.7191565389249576,0.009012395541460865
821,house_16H,random_undersample,0.5767746515285044,0.005138275118928878,0.7164153580382061,0.004364851529376946
821,house_16H,smote,0.5924181005418336,0.010000908767528672,0.7238776576574859,0.00926083629260017
821,house_16H,adasyn,0.5752941312065388,0.007925055249407105,0.7111503222306123,0.006804474548734257
821,house_16H,smote_enn,0.5708479347658721,0.011191598569863632,0.7110869088961387,0.009164455904655993
843,house_8L,baseline,0.6101571666850152,0.008756742472214654,0.7274467874337972,0.007917556293581755
843,house_8L,class_weight,0.6089794022901692,0.012089511744219203,0.7254181680984153,0.008646110657885283
843,house_8L,random_undersample,0.5781254237572238,0.005184854740120809,0.7171753315703079,0.004033424813688422
843,house_8L,smote,0.6086093408193018,0.01102570452518081,0.7373673276785481,0.009688110157895044
843,house_8L,adasyn,0.5936631323578141,0.0056566227541437804,0.727498306796253,0.004713086085214595
843,house_8L,smote_enn,0.5926772886159182,0.012463770239358086,0.7295331145782976,0.010641308477256447
1003,primary-tumor,baseline,0.47874854226440905,0.0871798437863218,0.5834672284570864,0.10147901357210849
1003,primary-tumor,class_weight,0.4743839126559715,0.07095257885453271,0.588063063063063,0.07310770567129303
1003,primary-tumor,random_undersample,0.4567830021024428,0.040049646703696325,0.6004642541227907,0.04052257927712867
1003,primary-tumor,smote,0.4536845199266117,0.07726560178347908,0.5669950738916256,0.09729170043695129
1003,primary-tumor,adasyn,0.4305176851442331,0.03798839954938022,0.5339617371875436,0.03756911662339163
1003,primary-tumor,smote_enn,0.43424062607499136,0.0631006840838026,0.5707790758579854,0.06603106071687824
43,haberman,baseline,0.3122709112449357,0.03063143567432521,0.35075115207373275,0.06617912263388055
43,haberman,class_weight,0.30447003939126493,0.03844180400064441,0.3323815968977259,0.08407632901808224
43,haberman,random_undersample,0.3028900613682961,0.029239380308577565,0.405693565220041,0.03927086483525349
43,haberman,smote,0.2941263629138616,0.03939063974697629,0.31427637721755375,0.10171793826149618
43,haberman,adasyn,0.2922515480894531,0.03763846756819801,0.3104615822719271,0.11293242536777737
43,haberman,smote_enn,0.32930624301087097,0.03323124192499419,0.44126855600539805,0.052964819285039016
728,analcatdata_supreme,baseline,0.8032949245866714,0.03154953684138168,0.8774662064998562,0.026630951393506196
728,analcatdata_supreme,class_weight,0.8179112793948937,0.04315051808139417,0.8784182870355931,0.0341815778074853
728,analcatdata_supreme,random_undersample,0.7733464614762029,0.025644949753945216,0.8659187677645068,0.014836164583891783
728,analcatdata_supreme,smote,0.8189909156890705,0.02710744990377599,0.8852356695029109,0.023311541549793865
728,analcatdata_supreme,adasyn,0.7972049381131682,0.04524162716245244,0.8705832958464537,0.03031864128533759
728,analcatdata_supreme,smote_enn,0.7675428100696218,0.0575431087681416,0.863143364655792,0.04113370858347896
350,webdata_wXa,baseline,0.3608204432153885,0.006380357282784778,0.46834407031955,0.010910840140228365
350,webdata_wXa,class_weight,0.3544130830942388,0.009944070625843772,0.4773571894029396,0.013621260320608152
350,webdata_wXa,random_undersample,0.39092001833332624,0.006570510538875007,0.5440994064253285,0.00778998283210424
350,webdata_wXa,smote,0.3595071754850162,0.0057616738046422505,0.46616321679587447,0.006816696094883481
350,webdata_wXa,adasyn,0.3584255298288249,0.008044123997877947,0.46442350140925137,0.009369356306087921
350,webdata_wXa,smote_enn,0.44232239511393356,0.006376545043302893,0.6111533097356506,0.006455475584321798
179,adult,baseline,0.43662321701783674,0.01074249544921047,0.58110034912894,0.011522188915772438
179,adult,class_weight,0.4373326306286186,0.008391400730206503,0.5798498506273372,0.008832134658400001
179,adult,random_undersample,0.42673740663587234,0.004464635113034263,0.592094630918397,0.004876710720036085
179,adult,smote,0.4364584817350227,0.008921491357119248,0.5810617416541966,0.010230270671294972
179,adult,adasyn,0.43314234779349786,0.0039540618830168775,0.5773931723648458,0.004540105407877724
179,adult,smote_enn,0.4459280867388876,0.0058841488477257235,0.599536474141337,0.005153827747511288
957,braziltourism,baseline,0.31982641041940385,0.033281382709586485,0.4372617453468517,0.04489288520766815
957,braziltourism,class_weight,0.3179648816777954,0.08038286290837211,0.4075947444368497,0.11193817949910762
957,braziltourism,random_undersample,0.2667102277485438,0.03004710804045836,0.385440052137453,0.06253563942450142
957,braziltourism,smote,0.27509987951889064,0.03792278000990195,0.3443296488457778,0.0827341567421101
957,braziltourism,adasyn,0.2710371182589194,0.04438976476661623,0.32773398172880086,0.12665563124647583
957,braziltourism,smote_enn,0.2736764380944903,0.01739671827496652,0.36662691313854107,0.04107488350590122
934,socmob,baseline,0.7293487050422239,0.04300371666631248,0.8292349834641058,0.03189125718080085
934,socmob,class_weight,0.7346088684183313,0.054860660181586134,0.8315390279823269,0.040337374288227736
934,socmob,random_undersample,0.6903357873413909,0.026579599532506888,0.8135833017975264,0.017319979782055357
934,socmob,smote,0.7593537065906028,0.03237867646026754,0.8521952123433456,0.023634834648910995
934,socmob,adasyn,0.770759551276503,0.012633819556532751,0.8615483078258366,0.008284101209391867
934,socmob,smote_enn,0.695736768348829,0.0355561788002829,0.8170654042295717,0.0245501122836298
337,SPECTF,baseline,0.2686693117567903,0.06048164222429016,0.34834383008296055,0.12208617470646001
337,SPECTF,class_weight,0.3010900664674249,0.07444092021528974,0.40744360902255644,0.11721956429540221
337,SPECTF,random_undersample,0.28501787016799324,0.04054923320135718,0.42717363047795553,0.06589431124632997
337,SPECTF,smote,0.2778849654682063,0.0338421403895986,0.4041660280970626,0.059429224262098644
337,SPECTF,adasyn,0.28841683576422755,0.05892856742176746,0.4061699919271133,0.11002969943671936
337,SPECTF,smote_enn,0.36764322130031724,0.06321899737002043,0.5357316183941571,0.06514557767332493
312,scene,baseline,0.6375208063200368,0.07162949537117431,0.7711097660339172,0.05626665436011818
312,scene,class_weight,0.7848644218976872,0.05410179635156519,0.8724370803584927,0.03262800668069466
312,scene,random_undersample,0.5650629465280005,0.032027095758899934,0.72530648815971,0.025484120004598206
312,scene,smote,0.7154199853469887,0.05776315906056662,0.8288507621410848,0.04017906714558153
312,scene,adasyn,0.786508501743567,0.021227072552859282,0.8756096232312298,0.01422863381645476
312,scene,smote_enn,0.6514612172244467,0.03689754802863312,0.7879874568035479,0.024880998571587966
1004,synthetic_control,baseline,0.9473181818181817,0.034089616137097475,0.9702197802197802,0.01815593917814019
1004,synthetic_control,class_weight,0.9284368530020704,0.05177585259386676,0.9616562677254679,0.02849565192752581
1004,synthetic_control,random_undersample,0.8946546702725193,0.06935838359692467,0.9413578669392624,0.041580522807128456
1004,synthetic_control,smote,0.9738333333333333,0.035393031329156714,0.9848717948717949,0.020065638509244994
1004,synthetic_control,adasyn,,,,
1004,synthetic_control,smote_enn,0.9738333333333333,0.035393031329156714,0.9848717948717949,0.020065638509244994
976,JapaneseVowels,baseline,0.8554570562821284,0.01872877056313509,0.9176742903300663,0.011767102162282068
976,JapaneseVowels,class_weight,0.8627863708193175,0.015287522870213874,0.9214904436798095,0.00949911052321314
976,JapaneseVowels,random_undersample,0.7546114487297727,0.01783639042546281,0.8600057452263261,0.011185419564870165
976,JapaneseVowels,smote,0.8569742222904029,0.024650423366391137,0.9195291562006103,0.014222430682713911
976,JapaneseVowels,adasyn,0.8443799966995321,0.017402523569572358,0.9124129013293075,0.010342414085488564
976,JapaneseVowels,smote_enn,0.7619569142868781,0.017647743253533018,0.8645156895192482,0.011058615175510472
987,collins,baseline,0.9894999999999999,0.020999999999999998,0.9935483870967742,0.012903225806451599
987,collins,class_weight,0.9894999999999999,0.020999999999999998,0.9935483870967742,0.012903225806451599
987,collins,random_undersample,0.9437908496732026,0.04970759043616092,0.9704099821746881,0.026309097650616894
987,collins,smote,0.9894999999999999,0.020999999999999998,0.9935483870967742,0.012903225806451599
987,collins,adasyn,0.8826911764705881,0.16568596008787898,0.9202797202797204,0.11929996146649578
987,collins,smote_enn,0.977735294117647,0.027341806715425153,0.9874877810361682,0.01533674186311255
940,water-treatment,baseline,0.9554178338001866,0.0416521684113401,0.9757230751538153,0.022236090413529697
940,water-treatment,class_weight,0.9069754698262953,0.11165371165343055,0.9457542694497153,0.06538456212863562
940,water-treatment,random_undersample,0.7498448309313794,0.09990538349794592,0.8541967941967942,0.060998180107660845
940,water-treatment,smote,0.8626304987403767,0.09087711339188848,0.9222471393249382,0.05403306134318153
940,water-treatment,adasyn,0.8683245456408315,0.11537116651949399,0.9246408240715642,0.06848752022263462
940,water-treatment,smote_enn,0.6810763578369922,0.1493140571077249,0.8047753072520875,0.09892260680051666
968,analcatdata_birthday,baseline,0.42592158982569933,0.09761224245827245,0.5834272187482579,0.08846017278451201
968,analcatdata_birthday,class_weight,0.4026656448574256,0.11700833700335585,0.5575934721714774,0.11499635312159541
968,analcatdata_birthday,random_undersample,0.4853962115750147,0.05763127351713213,0.6561904761904762,0.052024762985705374
968,analcatdata_birthday,smote,0.4285360405472485,0.09268002232731044,0.6035503779210873,0.08436965390048988
968,analcatdata_birthday,adasyn,0.45713478302519395,0.09721411505497375,0.6271428571428571,0.08991807810988321
968,analcatdata_birthday,smote_enn,0.5056432475439324,0.06629076768240443,0.6733327352161024,0.056898930181467355
336,SPECT,baseline,0.18206160988769687,0.04530338975508048,0.1482051282051282,0.09816729538380758
336,SPECT,class_weight,0.19948585231193927,0.032996785747936755,0.2784965034965035,0.09758321638676508
336,SPECT,random_undersample,0.20473619947304159,0.03216221798974169,0.3322051282051282,0.035733545290666385
336,SPECT,smote,0.17173075027112294,0.024435030641618005,0.17826839826839827,0.04740162880269178
336,SPECT,adasyn,0.1636087135776577,0.013764327874516247,0.15743589743589742,0.024785735330450406
336,SPECT,smote_enn,0.21343816753754644,0.014755874892435624,0.35945879687815174,0.019279663129041964
949,arsenic-female-bladder,baseline,0.23363528472081105,0.014765832738364298,0.37977229601518026,0.025927368993207228
949,arsenic-female-bladder,class_weight,0.2069826464663421,0.043550556235016503,0.32214640198511163,0.08311812482757154
949,arsenic-female-bladder,random_undersample,0.24117165667677173,0.03709571781864054,0.3977819467733634,0.04738931440491944
949,arsenic-female-bladder,smote,0.21448389499748197,0.04343354449077091,0.3359364483754727,0.10662185895468512
949,arsenic-female-bladder,adasyn,0.2005197256879642,0.04186829395936759,0.31477729786553316,0.07726324437171869
949,arsenic-female-bladder,smote_enn,0.2651208189795146,0.04644581779267067,0.433600955637475,0.06366201597881521
958,segment,baseline,0.9542023948632096,0.01926681478556159,0.9744678747412774,0.01101935309886481
958,segment,class_weight,0.9507714552494037,0.02717183631196844,0.972866397399007,0.015807458788914427
958,segment,random_undersample,0.8858650211524008,0.041554078732623116,0.9381830359051937,0.02261174837465635
958,segment,smote,0.9292949233208188,0.033426360326630766,0.9614699098855984,0.019112018495420567
958,segment,adasyn,0.9597816613537258,0.021123359517943884,0.9784109302052159,0.011145444706030029
958,segment,smote_enn,0.9328250742643063,0.04165026893170111,0.9635075096306291,0.023166333261063436
765,analcatdata_apnea2,baseline,0.5384237984237984,0.08809177423426008,0.6879211099644535,0.09191542656924943
765,analcatdata_apnea2,class_weight,0.5436985236985237,0.0886959331151662,0.6921991848307638,0.09314146457913855
765,analcatdata_apnea2,random_undersample,0.4058520702194791,0.1121930834548655,0.581831502821008,0.10559767813804087
765,analcatdata_apnea2,smote,0.49224788369525213,0.11918598975065363,0.6550728322474708,0.11259589510324872
765,analcatdata_apnea2,adasyn,0.5157866514290663,0.11884997410641865,0.673464696223317,0.10987534027076343
765,analcatdata_apnea2,smote_enn,0.4630819150601365,0.11383813423607635,0.6310351966873705,0.09998534757134561
1065,kc3,baseline,0.21980963480963478,0.06197981393515738,0.35014005602240894,0.10682520055173582
1065,kc3,class_weight,0.19957216394716396,0.03552346850383326,0.3023647920706744,0.08278160087624181
1065,kc3,random_undersample,0.17288734488550664,0.03504733030548473,0.2907211256595662,0.05945035818134659
1065,kc3,smote,0.21330237663570997,0.04525704664699784,0.35141186299081034,0.07755900592940533
1065,kc3,adasyn,0.27852369852369846,0.08871676888430474,0.43744503862150924,0.1291296918746971
1065,kc3,smote_enn,0.21525384831886382,0.08007340745460984,0.3506477947184423,0.1099060013463152
767,analcatdata_apnea1,baseline,0.47573150533676845,0.07379180492580042,0.6511471536958793,0.06342750462212385
767,analcatdata_apnea1,class_weight,0.48212881173407485,0.09923154909160083,0.6533304776183336,0.08017363789604735
767,analcatdata_apnea1,random_undersample,0.33508447087073534,0.05820371099741522,0.5156948558264347,0.06892932911839138
767,analcatdata_apnea1,smote,0.44994363737397797,0.11083187346324905,0.6314827586206897,0.0894737953121607
767,analcatdata_apnea1,adasyn,0.46091499487784304,0.11168025132980697,0.6398841384380873,0.09854381759067828
767,analcatdata_apnea1,smote_enn,0.4392220915148994,0.09375731148662796,0.620389316941041,0.08683846205164117
764,analcatdata_apnea3,baseline,0.43668081918081925,0.0675110870231099,0.6225714285714286,0.06034488933566983
764,analcatdata_apnea3,class_weight,0.4498301698301699,0.08033072447026574,0.6332380952380952,0.07097404590935875
764,analcatdata_apnea3,random_undersample,0.4269663813373354,0.08383984860922557,0.601162879423749,0.08472482709987603
764,analcatdata_apnea3,smote,0.4730733155733155,0.12621474150388787,0.6502576489533011,0.1040878702650896
764,analcatdata_apnea3,adasyn,0.42770546017450045,0.08876375394382541,0.6130020703933747,0.08317380149170306
764,analcatdata_apnea3,smote_enn,0.38985569985569984,0.13171978958159244,0.5625,0.1312312619794064
962,mfeat-morphological,baseline,0.9721931006413765,0.027097046535401424,0.9849953689410311,0.014638965496824351
962,mfeat-morphological,class_weight,0.9677883387366146,0.04011147190422094,0.9826489657301636,0.021523571402565583
962,mfeat-morphological,random_undersample,0.8725112770931673,0.02015515920821894,0.9317464584504347,0.011614269477152873
962,mfeat-morphological,smote,0.976841910165186,0.029229741273067565,0.9874050632911391,0.015961919914527674
962,mfeat-morphological,adasyn,0.9493708822094019,0.03033672709194608,0.9730625291600902,0.015896699820511225
962,mfeat-morphological,smote_enn,0.9103092896466307,0.062348294551543185,0.9509456803359242,0.03418596838886457
1002,ipums_la_98-small,baseline,0.16138562429581899,0.014660995029792926,0.2947000687908302,0.03369665607594687
1002,ipums_la_98-small,class_weight,0.15283568903515363,0.01042756725858311,0.2761023333412954,0.024643495217307226
1002,ipums_la_98-small,random_undersample,0.20390717128525998,0.0067506979153965875,0.3629581446269949,0.008621745801921583
1002,ipums_la_98-small,smote,0.16066511238625686,0.005041747459807364,0.2970314397144364,0.010054293517076136
1002,ipums_la_98-small,adasyn,0.15582342833599672,0.007212147611615597,0.28768244675194043,0.016234934101698767
1002,ipums_la_98-small,smote_enn,0.18332894437186176,0.010043242158173777,0.34233895362184097,0.016567397996736444
1019,pendigits,baseline,0.8974378749608439,0.02202336052119916,0.9441278900379476,0.011891083881836325
1019,pendigits,class_weight,0.9106107852899127,0.01818864143051344,0.9512777726940064,0.010164905373095477
1019,pendigits,random_undersample,0.7890176826598068,0.019239560611193265,0.8826321069866054,0.011706983659178233
1019,pendigits,smote,0.8785475925464705,0.013938980922349044,0.9342653207308921,0.007469698150996698
1019,pendigits,adasyn,0.8767918879703529,0.026663995881858166,0.9331415967236246,0.014559272196267244
1019,pendigits,smote_enn,0.9009419887979035,0.020003853841134015,0.947071172176047,0.010907100447827377
954,spectrometer,baseline,0.6527231933517501,0.16784599435533581,0.786191344886997,0.11609642374757673
954,spectrometer,class_weight,0.5993093322413147,0.1481968467245264,0.7436440904633124,0.10605426307372931
954,spectrometer,random_undersample,0.5203551760497833,0.08331782103809161,0.6908495636974139,0.0659386375835843
954,spectrometer,smote,0.6294117758453854,0.10012238807794946,0.7732234935163996,0.07054679073488047
954,spectrometer,adasyn,0.5724448565653419,0.08492482291648797,0.726910736322501,0.06406624977868042
954,spectrometer,smote_enn,0.6044887170435668,0.0911104353009566,0.7564523721045461,0.06292570725196243
757,meta,baseline,0.2254776198644123,0.06056640279042784,0.3869538694704935,0.08121750680700829
757,meta,class_weight,0.2211061277201929,0.06364009665402548,0.37535353535353533,0.09831889670060191
757,meta,random_undersample,0.21440962594450674,0.04054701189542572,0.3689159067882472,0.05162643384621989
757,meta,smote,0.22756890667335733,0.07859447665123528,0.3980348846555743,0.10495253259956082
757,meta,adasyn,0.29060714966375345,0.14447305518487003,0.46149450549450555,0.1576240936812245
757,meta,smote_enn,0.2840196285714025,0.0987393066764494,0.4642793339400681,0.10787463370582356
980,optdigits,baseline,0.7517053766736671,0.035409068614020434,0.8582133816999044,0.02204563212092877
980,optdigits,class_weight,0.8326533187844121,0.025604733762192675,0.9056461818631976,0.01431782597596026
980,optdigits,random_undersample,0.5824942592830498,0.031199042474152387,0.7417429143245301,0.023847699083195128
980,optdigits,smote,0.7728298520773043,0.03160944798358075,0.8725135584379771,0.018995247133401953
980,optdigits,adasyn,0.7315339457416129,0.02426281945369973,0.8469647183407268,0.015204102357510357
980,optdigits,smote_enn,0.7746828840397304,0.027877799546536536,0.8737982404570476,0.0168727381151514
1020,mfeat-karhunen,baseline,0.6774064928399453,0.08182912094749137,0.808701206660101,0.05153172193803153
1020,mfeat-karhunen,class_weight,0.7626613001300605,0.06680864138995816,0.8618011860117123,0.044378603292039104
1020,mfeat-karhunen,random_undersample,0.5291405032640515,0.0634761374603532,0.698708964614859,0.051481865302703156
1020,mfeat-karhunen,smote,0.7704230352445808,0.04610552466801324,0.8701038698934314,0.027770194799820284
1020,mfeat-karhunen,adasyn,0.6666565578245374,0.050499358812221326,0.8037766285186791,0.0358456723756173
1020,mfeat-karhunen,smote_enn,0.7702706646538535,0.0167672314394819,0.8706143586234015,0.009293268349571952
995,mfeat-zernike,baseline,0.815040187882607,0.0478442441978067,0.8969860755509089,0.02887092582922292
995,mfeat-zernike,class_weight,0.823787635609724,0.03253730574818768,0.9002849819516486,0.02121129968604854
995,mfeat-zernike,random_undersample,0.5934100210904372,0.08256179715201713,0.7480660183267981,0.06335790894848883
995,mfeat-zernike,smote,0.7935252617527997,0.03858754907192914,0.8845779743446359,0.023252863041317875
995,mfeat-zernike,adasyn,0.7320144348130315,0.014191302635684896,0.8465111909626811,0.008955215046001238
995,mfeat-zernike,smote_enn,0.8086313369102681,0.04427609619136001,0.893579916815211,0.026607286776256053
1022,mfeat-pixel,baseline,0.8473873382634292,0.02209886689075399,0.9160189404091843,0.013376760764050219
1022,mfeat-pixel,class_weight,0.9213334371461865,0.03075711824434038,0.9574546286411468,0.017420815330239835
1022,mfeat-pixel,random_undersample,0.7707947819094676,0.03840172496815611,0.8705225758730901,0.024568926914172156
1022,mfeat-pixel,smote,0.8826088339788649,0.046720584964824015,0.935666764792464,0.02681207222619234
1022,mfeat-pixel,adasyn,0.8825694944658411,0.024600430758406313,0.9338814164491132,0.016856417542668926
1022,mfeat-pixel,smote_enn,0.8480418502819653,0.026914690856489495,0.9165813598166539,0.017201185512561973
978,mfeat-factors,baseline,0.8992299429282742,0.05237158546492628,0.9432663139329807,0.03200124418634537
978,mfeat-factors,class_weight,0.9043852172645497,0.0646855045542437,0.9478280142857688,0.03623451657223339
978,mfeat-factors,random_undersample,0.7341657225229999,0.05446198747889427,0.8469278473441882,0.03558700443945002
978,mfeat-factors,smote,0.8997457254902376,0.035922103338210956,0.9454611211573237,0.01963384417732338
978,mfeat-factors,adasyn,0.87761972014114,0.04042915775922926,0.9337330798959964,0.0233575109983847
978,mfeat-factors,smote_enn,0.8502016556984427,0.06549683739037727,0.9178155828890475,0.03763570695606483
971,mfeat-fourier,baseline,0.8690871622867128,0.05410032464130198,0.9272160445459546,0.03218382784945137
971,mfeat-fourier,class_weight,0.944705206798403,0.031507258726579467,0.9701806112997838,0.01660733417931892
971,mfeat-fourier,random_undersample,0.7346597343136854,0.07332251376165969,0.8463300026285399,0.048551169735927824
971,mfeat-fourier,smote,0.9179649984615963,0.029419745429532292,0.9555146705146704,0.01563344356590289
971,mfeat-fourier,adasyn,0.8477973968859317,0.05803215663465311,0.914754449414676,0.034604628371137314
971,mfeat-fourier,smote_enn,0.9219845544869664,0.022763154703982668,0.9577521920293004,0.011994098582145745
966,analcatdata_halloffame,baseline,0.40176876880420026,0.03903275265993728,0.6017308780378688,0.03619938640828158
966,analcatdata_halloffame,class_weight,0.3891213494598397,0.06126357630464414,0.5834387834387835,0.05593208030506362
966,analcatdata_halloffame,random_undersample,0.2931173052964062,0.03778612622104855,0.47006189781774993,0.044410207774856124
966,analcatdata_halloffame,smote,0.3810428840078487,0.03511981556553191,0.5839419209631975,0.030222875686930203
966,analcatdata_halloffame,adasyn,0.33721819474058284,0.11512427004723987,0.5306592008676899,0.11290543409843672
966,analcatdata_halloffame,smote_enn,0.35788878772047117,0.043796484383172546,0.5573837215189494,0.04195537238642084
1016,vowel,baseline,0.8429508361912902,0.09293870873355582,0.9100120900120899,0.054438180453112286
1016,vowel,class_weight,0.7963760727576517,0.051926162705851334,0.8842981802734124,0.02925799122724618
1016,vowel,random_undersample,0.5568087560941967,0.08039515321223056,0.7168514920816804,0.06692400416007688
1016,vowel,smote,0.7943383133943775,0.06609794759790642,0.884861054822544,0.04108534891785674
1016,vowel,adasyn,0.8216205496907252,0.1050075580141527,0.8995274395274396,0.06271925690258806
1016,vowel,smote_enn,0.8092451456925142,0.07005776462395949,0.8938666833403675,0.04347083679509584
984,analcatdata_draft,baseline,0.09961325393810716,0.010423446201934554,0.1355233002291826,0.07853323147440795
984,analcatdata_draft,class_weight,0.10255732738609451,0.018395470636955392,0.146007326007326,0.08529360464700922
984,analcatdata_draft,random_undersample,0.11083286857916483,0.02331839911743501,0.198628008211727,0.047220599360068456
984,analcatdata_draft,smote,0.11428157345965566,0.022162698196642842,0.2017249004865104,0.07495216946768275
984,analcatdata_draft,adasyn,0.13801239525799208,0.047638892437724824,0.2271062271062271,0.13925196408309512
984,analcatdata_draft,smote_enn,0.12083192553579339,0.035071975659111874,0.20314956136732393,0.0940670271851016
1451,PieChart1,baseline,0.20652503524843951,0.04821746274283865,0.38368912247173115,0.06931372384129544
1451,PieChart1,class_weight,0.13815088757396451,0.04682153966835432,0.22874643874643877,0.1364055555935644
1451,PieChart1,random_undersample,0.18382088231121138,0.029759015915116403,0.3322105716713555,0.04753365832278561
1451,PieChart1,smote,0.2520244888611597,0.10324273948519636,0.43429332750392097,0.1251640198073011
1451,PieChart1,adasyn,0.15140639207128567,0.039683690460726825,0.2943001443001443,0.06844087542355205
1451,PieChart1,smote_enn,0.16675985213685848,0.05297117883181697,0.3073021014073645,0.06511895987706645
1467,climate-model-simulation-crashes,baseline,0.18459539371304076,0.08133157607491123,0.31855543836967987,0.1364579736202035
1467,climate-model-simulation-crashes,class_weight,0.1652751322751323,0.06205261500467617,0.29927109974424554,0.12232153718990765
1467,climate-model-simulation-crashes,random_undersample,0.1560329884540411,0.0615208335349029,0.2776032227589052,0.0902516067496133
1467,climate-model-simulation-crashes,smote,0.1455493308434485,0.04123769133676992,0.2747354497354498,0.09337125349964913
1467,climate-model-simulation-crashes,adasyn,0.18042936413780403,0.053297952515352895,0.33697718947718946,0.08916241443127182
1467,climate-model-simulation-crashes,smote_enn,0.18666365552544412,0.037163890447110735,0.34558323158323156,0.0591124712383859
1130,OVA_Lung,baseline,0.642592244046546,0.10499140450338111,0.7859633152516103,0.07787062495322544
1130,OVA_Lung,class_weight,0.6721666065772192,0.05534899904812567,0.8033580683735482,0.047703709834277006
1130,OVA_Lung,random_undersample,0.34258583287857197,0.06313241919116641,0.5252882755947774,0.07484547028210614
1130,OVA_Lung,smote,0.707775618961856,0.08319785942857301,0.8297571037871414,0.05756645696014459
1130,OVA_Lung,adasyn,0.7454369920996087,0.04767257702948467,0.8531096665081126,0.03424378895777646
1130,OVA_Lung,smote_enn,0.7231796126755408,0.05652711728732634,0.8389903225838532,0.038396316752504864
1071,mw1,baseline,0.1408285866180603,0.01947319552653071,0.2875350140056022,0.04083203567481122
1071,mw1,class_weight,0.09453140426824638,0.009417774055533363,0.10909090909090909,0.08907235428302467
1071,mw1,random_undersample,0.10126672084310082,0.01904665216737378,0.18361689106487147,0.04192168368638019
1071,mw1,smote,0.152045735482268,0.06111494598507084,0.2590157668418538,0.15504035213107095
1071,mw1,adasyn,0.12210012553665806,0.03626431705790945,0.2017080745341615,0.12434621278295216
1071,mw1,smote_enn,0.12404255340271853,0.02222842076434197,0.22574410774410775,0.0740466787418712
1138,OVA_Uterus,baseline,0.23322483737046845,0.07018273584648667,0.42315278102512144,0.08488797649999862
1138,OVA_Uterus,class_weight,0.3426320472407851,0.060146912446568786,0.5439155396972233,0.0637420238343411
1138,OVA_Uterus,random_undersample,0.22594399282929523,0.03819258844953078,0.3919215908701891,0.041628445763169826
1138,OVA_Uterus,smote,0.32804419888074865,0.0947466796368552,0.5322126022126021,0.0921862633547613
1138,OVA_Uterus,adasyn,0.24012874818016666,0.03328634938154444,0.43739793040154257,0.038163154445541865
1138,OVA_Uterus,smote_enn,0.2602055874150393,0.025014534368305065,0.4453278344216596,0.026928036485608358
1443,PizzaCutter1,baseline,0.19225319736085283,0.09095696838512768,0.3474967061923583,0.13163862025371792
1443,PizzaCutter1,class_weight,0.19633175224562782,0.06851173467998237,0.3507029812292971,0.13136044019103083
1443,PizzaCutter1,random_undersample,0.14706427397176008,0.027929942733500197,0.27372833395681656,0.046389893017937354
1443,PizzaCutter1,smote,0.17345508292876713,0.036197069987897464,0.34555719525915884,0.05620393707314078
1443,PizzaCutter1,adasyn,0.18721910512791456,0.053008457481130825,0.3632219632219632,0.06686694512995366
1443,PizzaCutter1,smote_enn,0.20662860531281585,0.06121397456111309,0.3699647473560517,0.09136637045017758
1000,hypothyroid,baseline,0.945410675361648,0.01547851288109711,0.9710564106489523,0.00806838838847297
1000,hypothyroid,class_weight,0.9646292635476822,0.018261865186224198,0.9812360804312921,0.009646961735335528
1000,hypothyroid,random_undersample,0.8371534523919916,0.08270133182804058,0.9089984869289219,0.04849367438977941
1000,hypothyroid,smote,0.9488077903319507,0.02718930076973334,0.9727884930254692,0.014493061601865075
1000,hypothyroid,adasyn,0.9642743109794552,0.011899551833985963,0.9812127963490436,0.006401733051156427
1000,hypothyroid,smote_enn,0.9157025711310991,0.023577248170321405,0.955498792336513,0.012520749586928314
1068,pc1,baseline,0.13580582375321765,0.029108078676776353,0.2651888341543514,0.042247741920614014
1068,pc1,class_weight,0.14018339916107894,0.045343353435989046,0.27138391588519467,0.08789567086893593
1068,pc1,random_undersample,0.11930035447006568,0.016538707935835614,0.2318477455285866,0.025447464853864295
1068,pc1,smote,0.11348960177856893,0.005479069879171165,0.22589743589743588,0.036392194870174706
1068,pc1,adasyn,0.15481555431242133,0.03825445877103167,0.31765709982428253,0.07052405813841091
1068,pc1,smote_enn,0.14736286443543137,0.018352024315766522,0.2894446614074826,0.023635150251418425
450,analcatdata_lawsuit,baseline,0.7842864054184808,0.11877019303038226,0.8692063492063491,0.0737820396004264
450,analcatdata_lawsuit,class_weight,0.7842864054184808,0.11877019303038226,0.8692063492063491,0.0737820396004264
450,analcatdata_lawsuit,random_undersample,0.4966307277628032,0.1570054833605376,0.6469841269841269,0.13279407199899806
450,analcatdata_lawsuit,smote,0.8471069182389936,0.13240217156155493,0.9092063492063491,0.07941839479044484
450,analcatdata_lawsuit,adasyn,0.7863933236574746,0.18734190104905965,0.8714285714285716,0.11203133672398659
450,analcatdata_lawsuit,smote_enn,0.5958713456354966,0.24919039751279753,0.7097402597402598,0.23530876354565086
1018,ipums_la_99-small,baseline,0.12042637003153182,0.015128197532341304,0.2704897073905374,0.03230356764171358
1018,ipums_la_99-small,class_weight,0.11929606540445907,0.009701798371784578,0.2668350349549993,0.021318710481265258
1018,ipums_la_99-small,random_undersample,0.1505466491238879,0.010997233722220254,0.2898834329815888,0.012983188768758024
1018,ipums_la_99-small,smote,0.12426004004716813,0.011161271626620426,0.2804515200094565,0.022390248816939552
1018,ipums_la_99-small,adasyn,0.1124307048924003,0.014425865190023285,0.2542388153208489,0.03083099656353675
1018,ipums_la_99-small,smote_enn,0.1395181322933858,0.010690143300670734,0.30519900846493364,0.01803662621743024
1487,ozone-level-8hr,baseline,0.1449658303498612,0.0371578823425909,0.31095233364095876,0.06304525584066821
1487,ozone-level-8hr,class_weight,0.11475849798223528,0.019389094850836938,0.25147360703812316,0.04591723876366326
1487,ozone-level-8hr,random_undersample,0.1388921930328077,0.012481847238884316,0.26277860728442554,0.015407584744481407
1487,ozone-level-8hr,smote,0.15634070525726843,0.03652533945753877,0.33200200055958934,0.05336368261609244
1487,ozone-level-8hr,adasyn,0.16647120374460675,0.03042389915724134,0.34878452544695016,0.0484137865419533
1487,ozone-level-8hr,smote_enn,0.1754766254308065,0.024102604942924023,0.3483302186083793,0.03180701342908153
38,sick,baseline,0.7761311613112034,0.037383455551316176,0.8758962160791622,0.022080377708066465
38,sick,class_weight,0.8267480866287743,0.03737111887929656,0.9055947502061205,0.020905609292845552
38,sick,random_undersample,0.5795794593284401,0.05983676840559933,0.7348630813181541,0.04761850129056264
38,sick,smote,0.7886050717294004,0.015233154458300825,0.8837223909561184,0.009140158430224074
38,sick,adasyn,0.7937172315065544,0.04428929624027144,0.8865584601733669,0.02597356045116652
38,sick,smote_enn,0.7125698658703712,0.027573630304665378,0.8365278185433226,0.018011774673212057
1040,sylva_prior,baseline,0.8601710117776726,0.021774054360874182,0.9247608965594992,0.012344697224057658
1040,sylva_prior,class_weight,0.8726672905882482,0.01777377539901794,0.9319618823277382,0.009919292766658858
1040,sylva_prior,random_undersample,0.7941758765193386,0.06105796843521377,0.8851169984882995,0.038698225366245856
1040,sylva_prior,smote,0.8610952950954676,0.020766774345874605,0.9256441829589297,0.011574584412391613
1040,sylva_prior,adasyn,0.8785853781208651,0.0158019780870414,0.9355100762907924,0.00866925432712939
1040,sylva_prior,smote_enn,0.879530945597183,0.027527597171307417,0.9360957029483628,0.015253175671658386
1139,OVA_Omentum,baseline,0.1374137666540579,0.08717234481999099,0.2702114998666723,0.15644883641730334
1139,OVA_Omentum,class_weight,0.17051413128627935,0.0749005732451067,0.3558425769632666,0.1016844886093992
1139,OVA_Omentum,random_undersample,0.1363416025380426,0.031542139251268586,0.26265584279209186,0.04757585805658468
1139,OVA_Omentum,smote,0.20926587705713917,0.07137215529391201,0.4131747511057856,0.08729317489731277
1139,OVA_Omentum,adasyn,0.2120417281066745,0.0769812028401621,0.4144546850998464,0.09411563407463681
1139,OVA_Omentum,smote_enn,0.24635421626300333,0.08454287513318005,0.43872727272727274,0.08523298162697816
1146,OVA_Prostate,baseline,0.7927228407017429,0.11310193935397504,0.8842165242165242,0.06658080037722527
1146,OVA_Prostate,class_weight,0.8411042414323114,0.12299890824716454,0.9114122914122914,0.07253343614010749
1146,OVA_Prostate,random_undersample,0.49675194979180526,0.03486033766948853,0.670306986635016,0.035015141748252286
1146,OVA_Prostate,smote,0.7944398909675894,0.08515953898710248,0.8858072755736828,0.048948391350934636
1146,OVA_Prostate,adasyn,0.7703679274892584,0.10094937614298917,0.8712281044872814,0.06013110179727837
1146,OVA_Prostate,smote_enn,0.8385229441540121,0.07960891988672059,0.9114349571246123,0.04489248868378793
311,oil_spill,baseline,0.26550208112473445,0.10677416738301616,0.4764346764346764,0.10762112831578628
311,oil_spill,class_weight,0.18536970990350216,0.05926809831672899,0.36234432234432234,0.09936572452214569
311,oil_spill,random_undersample,0.10405790651107485,0.013322571232618425,0.21113280698191245,0.019011238933513003
311,oil_spill,smote,0.19586103300120822,0.09739692483712838,0.37625668449197863,0.14726225172574
311,oil_spill,adasyn,0.17136479954651104,0.06457885458373244,0.36384057971014494,0.09110468161391201
311,oil_spill,smote_enn,0.2251589667066894,0.07859089776959337,0.41538653451811347,0.11842274662425044
947,arsenic-male-bladder,baseline,0.29919111969111967,0.1281542349599275,0.5047319347319348,0.14402168405455412
947,arsenic-male-bladder,class_weight,0.3301196911196911,0.10796713533353615,0.54,0.11623730516108462
947,arsenic-male-bladder,random_undersample,0.10016827691478854,0.040900966738266535,0.19503030303030305,0.056882460610181686
947,arsenic-male-bladder,smote,0.23257185757185753,0.09441564639617522,0.42857142857142855,0.11952286093343936
947,arsenic-male-bladder,adasyn,0.1919032409032409,0.09656162415510863,0.3732085561497326,0.13042301670902723
947,arsenic-male-bladder,smote_enn,0.17477401924770347,0.08133865524196934,0.3399584076054664,0.11068051515479384
977,letter,baseline,0.8050489580234054,0.01720016068070351,0.8947855511302564,0.009910486541354967
977,letter,class_weight,0.8604279431669838,0.023526940587702907,0.9256856426125637,0.013080920245683355
977,letter,random_undersample,0.4957884426112253,0.04820654525039464,0.6679482487412975,0.041081517825220154
977,letter,smote,0.8124995853045325,0.024430256553411665,0.8991074512380515,0.013906166779639103
977,letter,adasyn,0.7713750539930843,0.021814934309553908,0.8753476337329043,0.012772469217116679
977,letter,smote_enn,0.8111932921700411,0.014776874753558194,0.8984648469681888,0.008401516835436648
1142,OVA_Endometrium,baseline,0.08848111420219436,0.022540942649086567,0.23575538533462798,0.05012630771136942
1142,OVA_Endometrium,class_weight,0.23807676501851258,0.0344328261128418,0.4621585821585822,0.03819782735764129
1142,OVA_Endometrium,random_undersample,0.11753856295378755,0.05668702427478769,0.22118963574227388,0.07813133657051737
1142,OVA_Endometrium,smote,0.13844439055380547,0.07058274402964579,0.31451465201465206,0.10690547730825747
1142,OVA_Endometrium,adasyn,0.1994104072630629,0.10025189991594467,0.4025879612086508,0.11303619990531756
1142,OVA_Endometrium,smote_enn,0.19616021404999134,0.06595896997896773,0.36598245095139503,0.0693718890974365
1039,hiva_agnostic,baseline,0.11188454116372455,0.046732106341984776,0.280547385620915,0.08656676459948277
1039,hiva_agnostic,class_weight,0.09614353812993118,0.02255635593489155,0.25957822597336894,0.047486108931104686
1039,hiva_agnostic,random_undersample,0.05418720619868844,0.004211954301679615,0.11537969968310124,0.010001418194391194
1039,hiva_agnostic,smote,0.0988151610003178,0.013382498423460282,0.26780603847329437,0.028239135381806394
1039,hiva_agnostic,adasyn,0.06852076545648218,0.018595034454200243,0.19385131016790313,0.05121741112926023
1039,hiva_agnostic,smote_enn,0.10070972477679703,0.013934651712565117,0.2590641104926819,0.025814967166213617
950,arsenic-female-lung,baseline,0.6414285714285715,0.18206020533698994,0.7666666666666666,0.12247448713915893
950,arsenic-female-lung,class_weight,0.3737462462462463,0.1625852946592889,0.5577777777777777,0.15778560230989486
950,arsenic-female-lung,random_undersample,0.18744588744588744,0.0534697754342667,0.3124273504273504,0.07300845695572054
950,arsenic-female-lung,smote,0.513474025974026,0.183319437316121,0.6647619047619047,0.15479047355360034
950,arsenic-female-lung,adasyn,0.5147619047619048,0.1942466843382847,0.6537362637362638,0.18620210332381398
950,arsenic-female-lung,smote_enn,0.4342490842490842,0.1252473434719761,0.6059523809523808,0.12857142857142856
310,mammography,baseline,0.40818520176550754,0.0654622434862288,0.6264319933394601,0.05312644054903882
310,mammography,class_weight,0.38727583571638424,0.0438226570476579,0.608900105742211,0.03728909631157479
310,mammography,random_undersample,0.1536231718605563,0.016749086624215172,0.2860048443030502,0.02247662858493
310,mammography,smote,0.32150746100360317,0.015742955261302503,0.5420545973595605,0.014544741633589249
310,mammography,adasyn,0.28525976537073794,0.04830012783041479,0.5046382137084225,0.05005440796916098
310,mammography,smote_enn,0.31969201997258795,0.03913913005490383,0.5236447628602876,0.03592968066251601
951,arsenic-male-lung,baseline,1.0,0.0,1.0,0.0
951,arsenic-male-lung,class_weight,1.0,0.0,1.0,0.0
951,arsenic-male-lung,random_undersample,0.21140415140415142,0.05155370805830916,0.3460993908052732,0.06875529518493852
951,arsenic-male-lung,smote,1.0,0.0,1.0,0.0
951,arsenic-male-lung,adasyn,1.0,0.0,1.0,0.0
951,arsenic-male-lung,smote_enn,1.0,0.0,1.0,0.0
1056,mc1,baseline,0.15813832692891566,0.15960350211175778,0.2775350140056022,0.20426959558870905
1056,mc1,class_weight,0.06938092432720785,0.04090531043838065,0.18725274725274724,0.12612533872319484
1056,mc1,random_undersample,0.050184218198115596,0.008979276758704519,0.11007469110785653,0.019002260238584177
1056,mc1,smote,0.040947498940685355,0.010150674624610511,0.1276228956228956,0.0649855082356954
1056,mc1,adasyn,0.03555312429899889,0.008525144860707934,0.11849237472766885,0.03511201413852229
1056,mc1,smote_enn,0.056413855962806944,0.02107713650341257,0.16558926174217597,0.047367354372294126
1452,PieChart2,baseline,0.03346756152125279,0.023455434345100133,0.05,0.1
1452,PieChart2,class_weight,0.08896452540747843,0.05312277747953142,0.22714285714285715,0.1312732000875445
1452,PieChart2,random_undersample,0.049458033302378114,0.02006516749481344,0.09745610711127953,0.03212311214176948
1452,PieChart2,smote,0.0992095451155854,0.06597992038183152,0.24444444444444446,0.14740554623801774
1452,PieChart2,adasyn,0.16564504101416852,0.17572951999459527,0.32272727272727275,0.18077986349423822
1452,PieChart2,smote_enn,0.06185585432488826,0.03835373343052751,0.14021929824561402,0.06395804470449709
1069,pc2,baseline,0.01928210705525766,0.006754104291803765,0.025,0.05
1069,pc2,class_weight,0.016357487191136014,0.001733258375296576,0.0,0.0
1069,pc2,random_undersample,0.02703568175617903,0.011798945235183031,0.05157129408258161,0.027167793160562306
1069,pc2,smote,0.025446820159472545,0.012272486289658949,0.059893048128342244,0.07610886363489709
1069,pc2,adasyn,0.02604511075776314,0.010131788242758689,0.06153846153846154,0.07536891516255934
1069,pc2,smote_enn,0.03796550612889199,0.02774734915751945,0.10056048404405897,0.066123743797077
316,yeast_ml8,baseline,0.01625002138836131,0.004648030889391086,0.02222222222222222,0.04444444444444444
316,yeast_ml8,class_weight,0.032287870232534266,0.03664909214888024,0.06153846153846154,0.12307692307692308
316,yeast_ml8,random_undersample,0.0329304368837654,0.013762271744378073,0.07181570562570896,0.02779708215908472
316,yeast_ml8,smote,0.055684170901562205,0.08343681993021751,0.09230769230769231,0.18461538461538463
316,yeast_ml8,adasyn,0.02593866388332791,0.02395528656589198,0.05,0.10000000000000002
316,yeast_ml8,smote_enn,0.04685189922177998,0.03529921248165825,0.12705060478467242,0.08465197806125292
