did,name,n_rows,n_features,n_classes,imbalance_ratio,ir_band,missing_fraction,processed_path,source
44,spambase,4210,57,2,1.5074,light,0.0,data\processed\44.csv,openml
820,chatfield_4,235,12,2,1.5269,light,0.0,data\processed\820.csv,openml
879,fri_c2_500_25,500,25,2,1.551,light,0.0,data\processed\879.csv,openml
811,rmftsa_ctoarrivals,264,2,2,1.6139,light,0.0,data\processed\811.csv,openml
25,colic,368,26,2,1.7059,light,0.2014,data\processed\25.csv,openml
830,fri_c2_250_10,250,10,2,1.7473,light,0.0,data\processed\830.csv,openml
858,hungarian,293,13,2,1.7642,light,0.2046,data\processed\858.csv,openml
51,heart-h,293,13,2,1.7642,light,0.2046,data\processed\51.csv,openml
481,biomed,209,8,2,1.7867,light,0.009,data\processed\481.csv,openml
59,ionosphere,350,34,2,1.8,light,0.0,data\processed\59.csv,openml
839,kdd_el_nino-small,782,8,2,1.854,light,0.0745,data\processed\839.csv,openml
37,diabetes,768,8,2,1.8657,light,0.0,data\processed\37.csv,openml
50,tic-tac-toe,958,9,2,1.8855,light,0.0,data\processed\50.csv,openml
56,vote,342,16,2,1.9231,light,0.0563,data\processed\56.csv,openml
722,pol,14958,48,2,1.9821,light,0.0,data\processed\722.csv,openml
470,profb,672,9,2,2.0,light,0.1984,data\processed\470.csv,openml
959,nursery,12960,8,2,2.0,light,0.0,data\processed\959.csv,openml
334,monks-problems-2,432,6,2,2.0423,light,0.0,data\processed\334.csv,openml
1014,analcatdata_dmft,335,4,2,2.1905,light,0.0,data\processed\1014.csv,openml
833,bank32nh,8192,32,2,2.2214,light,0.0,data\processed\833.csv,openml
846,elevators,16599,18,2,2.2357,light,0.0,data\processed\846.csv,openml
761,cpu_act,8192,21,2,2.3072,light,0.0,data\processed\761.csv,openml
735,cpu_small,8192,12,2,2.3072,light,0.0,data\processed\735.csv,openml
31,credit-g,1000,20,2,2.3333,light,0.0,data\processed\31.csv,openml
897,colleges_aaup,1161,15,2,2.3362,light,0.0147,data\processed\897.csv,openml
13,breast-cancer,272,9,2,2.358,light,0.0035,data\processed\13.csv,openml
821,house_16H,22783,16,2,2.3788,light,0.0,data\processed\821.csv,openml
843,house_8L,22783,8,2,2.3788,light,0.0,data\processed\843.csv,openml
1003,primary-tumor,285,17,2,2.5185,light,0.039,data\processed\1003.csv,openml
43,haberman,289,3,2,2.6582,light,0.0,data\processed\43.csv,openml
728,analcatdata_supreme,573,7,2,3.0352,medium,0.0,data\processed\728.csv,openml
350,webdata_wXa,36974,123,2,3.1666,medium,0.0,data\processed\350.csv,openml
179,adult,48655,14,2,3.1717,medium,0.0095,data\processed\179.csv,openml
957,braziltourism,412,8,2,3.383,medium,0.0291,data\processed\957.csv,openml
934,socmob,1156,5,2,3.5156,medium,0.0,data\processed\934.csv,openml
337,SPECTF,267,44,2,3.8545,medium,0.0,data\processed\337.csv,openml
312,scene,2400,299,2,4.5814,medium,0.0,data\processed\312.csv,openml
1004,synthetic_control,600,60,2,5.0,medium,0.0,data\processed\1004.csv,openml
976,JapaneseVowels,9961,14,2,5.1716,medium,0.0,data\processed\976.csv,openml
987,collins,500,22,2,5.25,medium,0.0,data\processed\987.csv,openml
940,water-treatment,527,36,2,5.5875,medium,0.0286,data\processed\940.csv,openml
968,analcatdata_birthday,365,3,2,5.8868,medium,0.0274,data\processed\968.csv,openml
336,SPECT,228,22,2,5.9091,medium,0.0,data\processed\336.csv,openml
949,arsenic-female-bladder,559,4,2,5.9875,medium,0.0,data\processed\949.csv,openml
958,segment,2086,19,2,6.0236,medium,0.0,data\processed\958.csv,openml
765,analcatdata_apnea2,475,3,2,6.4219,medium,0.0,data\processed\765.csv,openml
1065,kc3,326,39,2,6.5814,medium,0.0,data\processed\1065.csv,openml
767,analcatdata_apnea1,475,3,2,6.7869,medium,0.0,data\processed\767.csv,openml
764,analcatdata_apnea3,450,3,2,7.1818,medium,0.0,data\processed\764.csv,openml
962,mfeat-morphological,1888,6,2,8.44,medium,0.0,data\processed\962.csv,openml
1002,ipums_la_98-small,7483,55,2,8.4602,medium,0.0788,data\processed\1002.csv,openml
1019,pendigits,10992,16,2,8.6084,medium,0.0,data\processed\1019.csv,openml
954,spectrometer,531,101,2,8.6545,medium,0.0,data\processed\954.csv,openml
757,meta,528,21,2,8.7778,medium,0.0455,data\processed\757.csv,openml
980,optdigits,5620,64,2,8.8252,medium,0.0,data\processed\980.csv,openml
1020,mfeat-karhunen,1994,64,2,8.97,medium,0.0,data\processed\1020.csv,openml
995,mfeat-zernike,1994,47,2,8.97,medium,0.0,data\processed\995.csv,openml
1022,mfeat-pixel,1994,240,2,8.97,medium,0.0,data\processed\1022.csv,openml
978,mfeat-factors,1994,216,2,8.97,medium,0.0,data\processed\978.csv,openml
971,mfeat-fourier,1994,76,2,8.97,medium,0.0,data\processed\971.csv,openml
966,analcatdata_halloffame,1340,16,2,9.72,heavy,0.0009,data\processed\966.csv,openml
1016,vowel,990,12,2,10.0,heavy,0.0,data\processed\1016.csv,openml
984,analcatdata_draft,366,4,2,10.4375,heavy,0.0007,data\processed\984.csv,openml
1451,PieChart1,705,37,2,10.5574,heavy,0.0,data\processed\1451.csv,openml
1467,climate-model-simulation-crashes,540,20,2,10.7391,heavy,0.0,data\processed\1467.csv,openml
1130,OVA_Lung,1545,10935,2,11.2619,heavy,0.0,data\processed\1130.csv,openml
1071,mw1,382,37,2,11.3226,heavy,0.0,data\processed\1071.csv,openml
1138,OVA_Uterus,1545,10935,2,11.4597,heavy,0.0,data\processed\1138.csv,openml
1443,PizzaCutter1,661,37,2,11.7115,heavy,0.0,data\processed\1443.csv,openml
1000,hypothyroid,3711,29,2,11.7526,heavy,0.0554,data\processed\1000.csv,openml
1068,pc1,954,21,2,12.6286,heavy,0.0,data\processed\1068.csv,openml
450,analcatdata_lawsuit,263,4,2,12.8421,heavy,0.0,data\processed\450.csv,openml
1018,ipums_la_99-small,8841,56,2,14.5651,heavy,0.0704,data\processed\1018.csv,openml
1487,ozone-level-8hr,2526,72,2,14.7875,heavy,0.0,data\processed\1487.csv,openml
38,sick,3711,29,2,15.0649,heavy,0.0554,data\processed\38.csv,openml
1040,sylva_prior,14395,108,2,15.2472,heavy,0.0,data\processed\1040.csv,openml
1139,OVA_Omentum,1545,10935,2,19.0649,heavy,0.0,data\processed\1139.csv,openml
1146,OVA_Prostate,1545,10935,2,21.3913,heavy,0.0,data\processed\1146.csv,openml
311,oil_spill,937,49,2,21.8537,heavy,0.0,data\processed\311.csv,openml
947,arsenic-male-bladder,559,4,2,22.2917,heavy,0.0,data\processed\947.csv,openml
977,letter,18668,16,2,23.3073,heavy,0.0,data\processed\977.csv,openml
1142,OVA_Endometrium,1545,10935,2,24.3279,heavy,0.0,data\processed\1142.csv,openml
1039,hiva_agnostic,4206,1617,2,27.2282,heavy,0.0,data\processed\1039.csv,openml
950,arsenic-female-lung,559,4,2,28.4211,heavy,0.0,data\processed\950.csv,openml
310,mammography,7849,6,2,29.9016,heavy,0.0,data\processed\310.csv,openml
951,arsenic-male-lung,559,4,2,42.0,heavy,0.0,data\processed\951.csv,openml
1056,mc1,2016,38,2,42.8261,heavy,0.0,data\processed\1056.csv,openml
1452,PieChart2,745,36,2,45.5625,heavy,0.0,data\processed\1452.csv,openml
1069,pc2,1406,36,2,60.1304,heavy,0.0,data\processed\1069.csv,openml
316,yeast_ml8,2417,116,2,70.0882,heavy,0.0,data\processed\316.csv,openml
