did,true_method,pred_method,proba_adasyn,proba_baseline,proba_class_weight,proba_random_undersample,proba_smote,proba_smote_enn
44,baseline,baseline,0.1517715359932105,0.4172972042087811,0.08079194311301321,0.002407576285826109,0.15857208931140168,0.18915965108776744
820,random_undersample,adasyn,0.4801047086701949,0.01670054840954557,0.01653688306961944,0.001552052342053554,0.4618467850422966,0.023259022466289907
879,class_weight,class_weight,0.05746022882401952,0.33461329426720626,0.3850556915995905,0.0009803453822763723,0.028276018497762317,0.1936144214291451
811,adasyn,smote,0.0013825122590743028,0.006006638299258287,0.041416537036971554,0.018597890294775418,0.8706597450673378,0.06193667704258258
25,class_weight,class_weight,0.09662062120002492,0.23548699588646216,0.641356157409295,0.000593222793713171,0.0025360744118307337,0.023406928298674124
830,baseline,class_weight,0.003433789282941123,0.04844139947968349,0.7539194439104866,0.0037380855714429406,0.04380419795112158,0.14666308380432422
858,class_weight,class_weight,0.002510207720642535,0.0019200146771989103,0.9865120203943125,0.0002612473702899931,0.0010517770248644816,0.007744732812691525
51,class_weight,class_weight,0.002510207720642535,0.0019200146771989103,0.9865120203943125,0.0002612473702899931,0.0010517770248644816,0.007744732812691525
481,smote,baseline,0.008551012161247174,0.9255525263792803,0.006139650979354193,0.022120408832736152,0.018283710944243317,0.01935269070313864
59,smote_enn,adasyn,0.3558884917728314,0.20316033886141324,0.0559520781237335,0.27986634865745647,0.09268823104104613,0.012444511543519318
839,baseline,baseline,0.02426871178701239,0.5669326482558199,0.012633179853957385,0.007415804023661518,0.30214903249574837,0.08660062358380038
37,smote_enn,baseline,0.015759333052176482,0.8452171014457006,0.042221300674915495,0.0002324870706190204,0.002484772308783951,0.09408500544780468
50,class_weight,smote_enn,0.07815663706629068,0.23882882418279647,0.12322173473518586,0.0003506346316577494,0.005055231676433174,0.5543869377076361
56,random_undersample,class_weight,0.004144613483202255,0.34716620860826475,0.6118747709623954,0.0022871729613798786,0.0036785956737835235,0.03084863831097427
722,adasyn,class_weight,0.015531294426836668,0.03183450035710383,0.5277473529036483,0.3610349833960247,0.03275076247106763,0.03110110644531897
470,smote_enn,smote_enn,0.15375366926033737,0.015775303673187805,0.05127243102953988,0.0004906275756055736,0.006282579228322863,0.7724253892330064
959,baseline,class_weight,0.007623508490038676,0.03886700469154038,0.9080613032672655,0.0004592588048156975,0.03259920202878149,0.012389722717558284
334,class_weight,smote_enn,0.030357649426612527,0.031692759197823085,0.16100072564374943,2.144833394476501e-05,0.0018011955105032788,0.7751262218873669
1014,smote_enn,smote_enn,0.019180085760795582,0.022914405246141877,0.03000216518329152,0.0002375187026539594,0.010955465809167364,0.9167103592979496
833,smote_enn,smote_enn,0.02487464797846911,0.14701130464620452,0.06075747840181401,0.00020958501661386803,0.012636031814041599,0.7545109521428568
846,smote,smote_enn,0.030042554187225647,0.10472555556831369,0.00986554972246156,0.00504806454106337,0.001851901819852466,0.8484663741610834
761,baseline,smote,0.07485580129586457,0.3086089546859363,0.050952638814006086,0.013861568852646429,0.44139481674182124,0.11032621960972548
735,smote,baseline,0.004780362990049489,0.9823147658821253,0.0035621314718334903,0.0004822057732768128,0.0040655932513720345,0.004794940631342792
31,adasyn,smote_enn,0.025667610826585047,0.03525716134367313,0.007129687928211605,7.975117796485224e-05,0.004148580841646166,0.9277172078819192
897,baseline,baseline,0.0027056034981279213,0.8289327473890284,0.009470741228038069,0.019275485389098696,0.12079588014798928,0.018819542347717624
13,smote_enn,smote_enn,0.004095703253332209,0.11730752798187942,0.006460215638701306,9.841004379741158e-05,0.01670202650112698,0.8553361165811626
821,baseline,baseline,0.055555260567714024,0.8009588210141122,0.05731863070903845,0.0008184847327713907,0.022751434120910553,0.06259736885545354
843,baseline,baseline,0.006581620235437707,0.7225606541284425,0.007516632193231026,0.00023747333026407226,0.050850338968426737,0.21225328114419809
1003,baseline,smote_enn,0.008830183781898465,0.0057234787710682715,0.010806371942411156,0.006389411068120173,0.011808539309469346,0.9564420151270326
43,smote_enn,smote_enn,0.00306593330801253,0.02536505954332668,0.0037013118107297165,0.00014921571081940796,0.005131578620471418,0.9625869010066402
728,smote,class_weight,0.018618517403485673,0.19435661257955333,0.4293552362958415,0.005353982566422788,0.006163992430358461,0.34615165872433823
350,smote_enn,smote_enn,0.01814067586769383,0.3207970445490772,0.10710157295826181,0.0774227422349878,0.08756532810653882,0.3889726362834407
179,smote_enn,smote,0.03040892045608061,0.3416123487810144,0.04803197904298022,0.0054183441724487795,0.4224085047602562,0.15211990278721974
957,baseline,smote_enn,0.08236446290468837,0.003209237592271441,0.0028021588345861965,3.687698809332052e-05,0.003108754013256889,0.9084785096671038
934,adasyn,baseline,0.004210165263582286,0.8371737959485988,0.007200710680322101,0.006858616471330402,0.129813235806718,0.014743475829448413
337,smote_enn,class_weight,0.012129739026881943,0.022484710816176215,0.5362663578480016,0.0002651454115382978,0.08382996766239469,0.3450240792350073
312,adasyn,class_weight,0.0022258652435659465,0.012878240196980454,0.8129493029971745,0.00017582292091723406,0.001565850804043009,0.170204917837319
1004,smote,baseline,0.0013108979684501847,0.9041237168480674,0.07545955554314066,0.0002345120990939047,0.011117149641116172,0.007754167900131653
976,class_weight,class_weight,0.013544442991768565,0.1392853318669572,0.8257456501710471,0.00023713011514051653,0.00732588973459803,0.013861555120488554
987,baseline,smote,0.0030618246398169823,0.4218691111287246,0.11564322593318431,0.0005263927507598637,0.4281989170257949,0.030700528521719152
940,baseline,baseline,0.04754927871442957,0.303944886654457,0.2205124696390492,0.0004093635395980468,0.12856660242170762,0.29901739903075863
968,smote_enn,smote,0.01009285828643458,0.180229509070523,0.1471989656494181,0.004828354461066257,0.636385318798302,0.021264993734256228
336,smote_enn,baseline,0.23971975450803706,0.3085645296689035,0.17915382103797017,0.026838641283620953,0.034001337951638275,0.21172191554982994
949,smote_enn,baseline,0.1255462391707995,0.6659602876305326,0.05554241463424843,0.003935633137348489,0.03615177817666966,0.11286364725040145
958,adasyn,smote,0.009756031841666924,0.12528724671178917,0.3394857250474762,0.027939861313768948,0.4721120899339394,0.0254190451513593
765,class_weight,class_weight,0.0073079737191745755,0.005203617578911849,0.9612064941156648,8.338535248041476e-05,0.014290679427154972,0.011907849806613472
1065,adasyn,smote_enn,0.032323215146028345,0.06782162386649193,0.005630791946164109,0.025733685607770576,0.05516272066157659,0.8133279627719685
767,class_weight,class_weight,0.020518256258012037,0.01916280600676425,0.5227323861574751,0.0002775217364032261,0.3761035192030301,0.06120551063831534
764,smote,class_weight,0.033843134665014644,0.06338182162779506,0.752004701559922,0.00030425668470994443,0.004161105788251854,0.14630497967430658
962,smote,baseline,0.2517595697755643,0.6085708102477277,0.017183698214626474,0.051110612808966685,0.06357838798445356,0.007796920968661187
1002,random_undersample,adasyn,0.3231079536383124,0.05967944074208249,0.02471709298183197,0.10805700983669149,0.28023369130613573,0.2042048114949459
1019,class_weight,class_weight,0.01755843732972983,0.14133254110268392,0.801457466981236,0.00021472690001237454,0.01048113207368233,0.028955695612655485
954,baseline,baseline,0.009657474866168133,0.8010306733739324,0.043480392528562395,0.005860279724523816,0.012325532360839497,0.12764564714597385
757,adasyn,adasyn,0.37369241368749667,0.12709211847790233,0.13193648856770965,0.003774973034746467,0.11843407660094611,0.2450699296311989
980,class_weight,class_weight,0.041325836227301876,0.014458967081107815,0.6380650593797377,0.0010695686129522678,0.1280323794756466,0.1770481892232537
1020,smote,class_weight,0.001048518792647429,0.0025644513785419622,0.9921205104770485,1.7976439154472338e-05,0.0012669457717380019,0.0029815971408697632
995,class_weight,class_weight,0.0264244543977257,0.070195247048187,0.7966320764203754,0.0007515393317004476,0.0794607916989218,0.02653589110308958
1022,class_weight,class_weight,0.20124191055730123,0.07539204632172643,0.30579756401849534,0.0006260372887155553,0.25992625126832836,0.1570161905454331
978,class_weight,smote,0.12406538093485295,0.2033652409327779,0.135713586605635,0.0012724964581307965,0.28161347387326924,0.2539698211953342
971,class_weight,class_weight,0.008850017443997035,0.1129352213718056,0.5451058929424152,5.823911228004831e-05,0.3176756687509022,0.01537496037860005
966,baseline,baseline,0.047069633930561745,0.4563155420415699,0.2966197188456231,0.0032322121722307365,0.13022601648395968,0.06653687652605486
1016,baseline,class_weight,0.006762636123591519,0.12486759950040582,0.808847092861795,0.00035689640227411316,0.020448571885728486,0.03871720322620518
984,adasyn,class_weight,0.0007508391673665192,0.0049906823785571385,0.9415182637602527,5.993756091692401e-05,0.007844891088748265,0.04483538604415872
1451,smote,smote_enn,0.015586198094293936,0.024185264371327776,0.016551637099127107,0.0018591672157782747,0.011522476084517298,0.9302952571349555
1467,smote_enn,class_weight,0.27599005665201415,0.04492380794759639,0.6054458716420309,0.00036999433200365233,0.02476298540106783,0.04850728402528708
1130,adasyn,class_weight,0.002768813520718058,0.0018052472796196229,0.6456339168077241,0.0003665207721479765,0.0021872893983381084,0.3472382122214521
1071,smote,smote_enn,0.05765700183321447,0.0447838072983878,0.035861939261667336,0.001622512567146209,0.008623596722164712,0.8514511423174194
1138,class_weight,adasyn,0.5801597738885462,0.01514358650123138,0.0043022586865233275,0.0016292299645412139,0.060340339727396476,0.33842481123176144
1443,smote_enn,smote,0.018944327738499828,0.009251205514049112,0.0037707092543006154,0.0005443229271905207,0.9561070362919468,0.01138239827401314
1000,class_weight,class_weight,0.12061756370874507,0.19939343214321248,0.3704342739927671,0.02147649743739478,0.2135493755672707,0.0745288571506097
1068,adasyn,baseline,0.14252593012723092,0.2889934448944071,0.0524345540734949,0.003574135430883523,0.2754486106331206,0.237023324840863
450,smote,baseline,0.024216838538940653,0.9382412482681334,0.01343011247421381,0.00016503578901149615,0.012738668364883146,0.011208096564817718
1018,random_undersample,smote,0.19172528264418862,0.1813194495178622,0.026984085655440443,0.09795388345096022,0.2754716232632215,0.2265456754683271
1487,smote_enn,adasyn,0.7841091042872481,0.03186866807762934,0.17673023258125237,0.00045522384991019923,0.001423518763767878,0.005413252440192092
38,class_weight,class_weight,0.006218626875274292,0.012185680740461355,0.9508098996319703,0.006235508601542754,0.004582413174862546,0.0199678709758888
1040,smote_enn,class_weight,0.0104375567079842,0.02683179080073544,0.9461631759441053,0.006945163824576576,0.006397499088242481,0.0032248136343559384
1139,smote_enn,class_weight,0.00374738098407088,0.001593985156014404,0.9932871706077674,6.258240410309664e-05,0.00041643626908299895,0.0008924445789615457
1146,class_weight,smote_enn,0.07688280091704902,0.10864202391115103,0.2276224870708989,0.0018075810098705887,0.021402427148170207,0.5636426799428602
311,baseline,adasyn,0.6369515818164095,0.014355327933501222,0.0059039047586601215,0.031685795220732255,0.009093957617901839,0.3020094326527952
947,class_weight,baseline,0.00885692586931938,0.968727705152683,0.00393903129081852,0.001265434568550675,0.00368026862838465,0.013530634490243755
977,class_weight,class_weight,0.02160098726486039,0.2531280729334957,0.6758866333401121,0.0001689227072254147,0.005265533325846438,0.04394985042846001
1142,class_weight,smote_enn,0.047563715934421553,0.03673737870018542,0.19614405573974014,0.0007876067694607405,0.004374905058842293,0.7143923377973499
1039,baseline,smote_enn,0.03191380446639667,0.0439414304329871,0.40659572389759363,0.012792494049559757,0.018760791682013913,0.4859957554714489
950,baseline,smote,0.01944489615611129,0.12206541440402095,0.2593940087513818,0.0016763030253109492,0.5582275288502708,0.03919184881290416
310,baseline,class_weight,0.04331441012964553,0.1918513777580111,0.6649366756394859,0.0002765150016641815,0.008685440092116003,0.09093558137907717
951,baseline,baseline,0.0016282861802741485,0.9044511502401781,0.06527956781239375,0.0014355198280201727,0.006648370952199551,0.02055710498693436
1056,baseline,smote_enn,0.2695871245778857,0.09023461651919193,0.17984329779872713,0.0007924599350559266,0.056487549169614897,0.40305495199952435
1452,adasyn,smote_enn,0.00828169907426516,0.35702777381315015,0.14698935104370678,0.00027917726112112253,0.008104024627539553,0.4793179741802171
1069,smote_enn,baseline,0.2711728902546794,0.708087674392295,0.009558994991458711,0.00038013904847703205,0.003808713662793846,0.006991587650296009
316,smote,smote_enn,0.009073890409227249,0.23271175175584669,0.17836239941983661,0.0012525622970545975,0.017505292179374615,0.5610941039386602
